date	sha	test_functions	test_files	src_lines	docs_lines	battery_files
2026-07-25	5ab9df14bbcb	237	19	5595	2441	0
2026-07-26	edfd3f9c927a	237	19	5595	4062	0
2026-07-27	9d632d20c81e	265	25	5910	4350	0
2026-07-28	5ad8b27ddab4	567	37	11997	6425	0
2026-07-29	e09b6f31d752	760	45	13516	7732	0
2026-07-30	a5b46b14d7cc	845	48	15009	7958	0
2026-07-31	5a28eb7cba94	1000	50	16428	8863	0
2026-08-01	d56bb3542ebd	1091	52	17530	10062	0
2026-08-03	ffb7a533a3c0	1099	53	17530	10075	0
2026-08-04	800d6285099e	1222	57	19210	11559	0
2026-08-05	8e34d8d9df8d	1290	58	19875	12619	0
2026-08-06	ab639c3c221b	1336	60	20231	13066	0
2026-08-07	22bbef4aca18	1415	62	20575	13911	0
2026-08-08	4c0ff080277e	1537	64	22509	15236	0
2026-08-10	827c10186f4e	1540	64	22566	15345	0
2026-08-11	41fa202c4591	1702	70	25716	16129	0
2026-08-12	5389b7e01ee5	1738	72	26262	17123	0
2026-08-21	0318d453bf42	1763	73	26307	17643	0
2026-08-22	41085245a3e1	1904	77	26739	18398	0
2026-08-23	20664178f606	2009	79	26739	19877	5
2026-08-24	51a34bb04142	2010	79	26739	20110	5
2026-08-25	14e0815ab3ee	2045	79	27237	21005	7
2026-08-26	3712a7feb1a5	2110	82	27293	21228	10
2026-08-30	6c90fed9ead5	2116	82	27333	22250	10
2026-08-31	3cf985831eb9	2136	82	27606	22357	10
2026-09-01	2914b0937eb8	2171	83	27606	22793	11
2026-09-02	c29cbc0d3ca0	2214	84	27783	24547	13
2026-09-03	3810347d3d5c	2280	84	28480	26125	14
2026-09-04	0cb212b6e8fd	2321	85	28652	26393	15
