path	stream	added	deleted	hours
changelog.d/added-shared-file-contention-tooling.md	changelog	2026-07-29T04:07:07+02:00	2026-07-29T04:20:24+02:00	0.22
retro.d/shared-file-contention-tooling.md	retro	2026-07-29T04:07:07+02:00	2026-07-29T04:20:24+02:00	0.22
changelog.d/changed-links-and-graph-plan-pass-2.md	changelog	2026-07-29T04:12:07+02:00	2026-07-29T04:20:24+02:00	0.14
retro.d/eval-multi-hop-scoring.md	retro	2026-07-29T04:12:07+02:00	2026-07-29T04:20:24+02:00	0.14
changelog.d/fixed-docs-readme-fragment-routing.md	changelog	2026-07-29T04:25:52+02:00	2026-07-29T05:33:28+02:00	1.13
changelog.d/changed-links-and-graph-plan-pass-3.md	changelog	2026-07-29T04:32:51+02:00	2026-07-29T05:33:28+02:00	1.01
changelog.d/changed-links-and-graph-plan-pass-4.md	changelog	2026-07-29T04:51:35+02:00	2026-07-29T05:33:28+02:00	0.70
changelog.d/added-page-citations-on-both-surfaces.md	changelog	2026-07-29T04:58:16+02:00	2026-07-29T05:33:28+02:00	0.59
changelog.d/fixed-stale-claims-and-a-pdf-get-crash.md	changelog	2026-07-29T04:58:16+02:00	2026-07-29T05:33:28+02:00	0.59
retro.d/i8-page-citations.md	retro	2026-07-29T04:58:16+02:00	2026-07-29T05:33:28+02:00	0.59
changelog.d/fixed-doctor-crash-on-an-unknown-backend.md	changelog	2026-07-29T05:05:09+02:00	2026-07-29T05:33:28+02:00	0.47
changelog.d/changed-links-and-graph-plan-pass-5.md	changelog	2026-07-29T05:09:21+02:00	2026-07-29T05:33:28+02:00	0.40
changelog.d/fixed-post-release-doc-staleness.md	changelog	2026-07-29T05:25:28+02:00	2026-07-29T05:33:28+02:00	0.13
changelog.d/added-audit-the-neighbourhood-rule.md	changelog	2026-07-29T05:28:09+02:00	2026-07-29T05:33:28+02:00	0.09
changelog.d/added-verification-table-with-a-gate.md	changelog	2026-07-29T05:28:44+02:00	2026-07-29T05:33:28+02:00	0.08
changelog.d/fixed-untested-doctor-checks-and-stale-design-notes.md	changelog	2026-07-29T05:28:44+02:00	2026-07-29T05:33:28+02:00	0.08
retro.d/i9-verification-audit.md	retro	2026-07-29T05:28:44+02:00	2026-07-29T05:33:28+02:00	0.08
changelog.d/fixed-0-4-0-post-release-sweep.md	changelog	2026-07-29T05:41:12+02:00	2026-07-29T07:49:41+02:00	2.14
changelog.d/changed-links-and-graph-plan-pass-6.md	changelog	2026-07-29T05:44:11+02:00	2026-07-29T07:49:41+02:00	2.09
changelog.d/changed-links-and-graph-plan-pass-7.md	changelog	2026-07-29T06:05:48+02:00	2026-07-29T07:49:41+02:00	1.73
changelog.d/fixed-sidecar-overwritten-on-parse-failure.md	changelog	2026-07-29T07:28:19+02:00	2026-07-29T07:49:41+02:00	0.36
retro.d/sidecar-overwritten-on-parse-failure.md	retro	2026-07-29T07:28:19+02:00	2026-07-29T07:49:41+02:00	0.36
changelog.d/added-partner-corpus-and-link-density-gate.md	changelog	2026-07-29T08:25:27+02:00	2026-07-31T11:29:53+02:00	51.07
retro.d/l1-partner-corpus-and-density-gate.md	retro	2026-07-29T08:48:04+02:00	2026-07-31T11:29:53+02:00	50.70
changelog.d/added-reverse-scan.md	changelog	2026-07-30T16:38:18+02:00	2026-07-31T11:29:53+02:00	18.86
retro.d/l2-reverse-scan.md	retro	2026-07-30T16:52:46+02:00	2026-07-31T11:29:53+02:00	18.62
changelog.d/added-traversal-core.md	changelog	2026-07-30T17:45:49+02:00	2026-07-31T11:29:53+02:00	17.73
changelog.d/added-pnk-links.md	changelog	2026-07-30T17:57:37+02:00	2026-07-31T11:29:53+02:00	17.54
retro.d/l3-l4-traversal.md	retro	2026-07-30T18:07:40+02:00	2026-07-31T11:29:53+02:00	17.37
changelog.d/added-pinakes-links-tool.md	changelog	2026-07-31T05:09:47+02:00	2026-07-31T11:29:53+02:00	6.33
retro.d/l5-direction-and-the-shared-projection.md	retro	2026-07-31T05:34:31+02:00	2026-07-31T11:29:53+02:00	5.92
changelog.d/changed-ruamel-yaml-sidecar.md	changelog	2026-07-31T11:26:37+02:00	2026-07-31T11:29:53+02:00	0.05
retro.d/l5b-the-library-swap.md	retro	2026-07-31T11:26:37+02:00	2026-07-31T11:29:53+02:00	0.05
changelog.d/fixed-two-frozen-yaml-behaviours.md	changelog	2026-07-31T11:56:26+02:00	2026-08-01T10:53:56+02:00	22.96
changelog.d/added-pnk-link.md	changelog	2026-07-31T12:44:21+02:00	2026-08-01T10:53:56+02:00	22.16
retro.d/l6-pnk-link.md	retro	2026-07-31T13:08:40+02:00	2026-08-01T10:53:56+02:00	21.75
changelog.d/fixed-eval-reproducibility.md	changelog	2026-08-01T01:30:44+02:00	2026-08-01T10:53:56+02:00	9.39
retro.d/g1-eval-reproducibility.md	retro	2026-08-01T01:30:44+02:00	2026-08-01T10:53:56+02:00	9.39
changelog.d/added-requires-pinakes.md	changelog	2026-08-01T01:36:59+02:00	2026-08-01T10:53:56+02:00	9.28
changelog.d/changed-doctor-link-checks.md	changelog	2026-08-01T04:39:34+02:00	2026-08-01T10:53:56+02:00	6.24
retro.d/l7-doctor-links.md	retro	2026-08-01T04:58:01+02:00	2026-08-01T10:53:56+02:00	5.93
changelog.d/fixed-ci-portability.md	changelog	2026-08-01T05:21:46+02:00	2026-08-01T10:53:56+02:00	5.54
retro.d/ci-portability-of-permission-fixtures.md	retro	2026-08-01T05:21:46+02:00	2026-08-01T10:53:56+02:00	5.54
changelog.d/changed-unsynced-doctor-names-the-link-checks.md	changelog	2026-08-01T05:41:36+02:00	2026-08-01T10:53:56+02:00	5.21
changelog.d/added-per-question-outcomes.md	changelog	2026-08-01T12:15:56+02:00	2026-08-01T12:42:23+02:00	0.44
changelog.d/changed-eval-kind-and-empty-set.md	changelog	2026-08-01T12:15:56+02:00	2026-08-01T12:42:23+02:00	0.44
retro.d/g2-headroom-measurement.md	retro	2026-08-01T12:15:56+02:00	2026-08-01T12:42:23+02:00	0.44
changelog.d/fixed-source-walk-containment.md	changelog	2026-08-01T13:28:46+02:00	2026-08-01T13:44:13+02:00	0.26
retro.d/source-walk-containment.md	retro	2026-08-01T13:28:46+02:00	2026-08-01T13:44:13+02:00	0.26
changelog.d/fixed-stale-release-claims.md	changelog	2026-08-03T22:32:37+02:00		
changelog.d/added-status-header-gate.md	changelog	2026-08-03T22:43:29+02:00		
changelog.d/changed-per-operation-budget-default.md	changelog	2026-08-03T23:01:42+02:00		
changelog.d/fixed-docs-audit-high.md	changelog	2026-08-04T04:19:32+02:00		
changelog.d/fixed-verification-covers-071.md	changelog	2026-08-04T04:23:43+02:00		
changelog.d/fixed-docs-audit-medium.md	changelog	2026-08-04T04:26:43+02:00		
changelog.d/fixed-probe-absorbs-malformed-questions.md	changelog	2026-08-04T07:01:59+02:00		
retro.d/probe-absorbs-malformed-questions.md	retro	2026-08-04T07:01:59+02:00		
changelog.d/20260804_0800-changed-paid-key-is-pinakes-specific.md	changelog	2026-08-04T08:26:05+02:00	2026-08-04T08:41:29+02:00	0.26
changelog.d/20260804_1125-added-probe-edge-census.md	changelog	2026-08-04T11:27:26+02:00	2026-08-04T14:32:30+02:00	3.08
retro.d/20260804_1125-probe-edge-census.md	retro	2026-08-04T11:27:26+02:00	2026-08-04T14:32:30+02:00	3.08
changelog.d/20260804_1155-added-docs-site.md	changelog	2026-08-04T14:03:49+02:00	2026-08-04T14:32:30+02:00	0.48
retro.d/20260804_1155-docs-site.md	retro	2026-08-04T14:03:49+02:00	2026-08-04T14:32:30+02:00	0.48
changelog.d/20260804_1210-changed-project-name-casing.md	changelog	2026-08-04T14:12:06+02:00	2026-08-04T14:32:30+02:00	0.34
retro.d/20260804_1240-rename-broke-trusted-publishing.md	retro	2026-08-04T14:37:15+02:00	2026-08-04T15:38:40+02:00	1.02
changelog.d/20260804_1246-added-sync-progress-on-a-tty.md	changelog	2026-08-04T14:49:00+02:00	2026-08-04T15:38:40+02:00	0.83
changelog.d/20260804_1246-fixed-doctor-interrupted-sync-remedy.md	changelog	2026-08-04T14:49:00+02:00	2026-08-04T15:38:40+02:00	0.83
changelog.d/20260804_1246-fixed-sync-timestamps-utc.md	changelog	2026-08-04T14:49:00+02:00	2026-08-04T15:38:40+02:00	0.83
retro.d/20260804_1246-interrupted-sync.md	retro	2026-08-04T14:49:00+02:00	2026-08-04T15:38:40+02:00	0.83
retro.d/20260804_1330-progress-printer-early-stop.md	retro	2026-08-04T15:07:00+02:00		
changelog.d/20260804_1310-fixed-guide-install-and-lock.md	changelog	2026-08-04T15:11:35+02:00	2026-08-04T15:38:40+02:00	0.45
retro.d/20260804_1330-check-sh-is-venv-dependent.md	retro	2026-08-04T15:33:07+02:00	2026-08-04T15:38:40+02:00	0.09
changelog.d/20260804_1342-added-roadmap-doc.md	changelog	2026-08-04T15:43:28+02:00	2026-08-05T09:17:34+02:00	17.57
changelog.d/20260804_1613-added-landing-guard.md	changelog	2026-08-04T18:14:58+02:00	2026-08-05T09:17:34+02:00	15.04
changelog.d/20260804_1618-added-land-cleanup-only.md	changelog	2026-08-04T18:18:25+02:00	2026-08-05T09:17:34+02:00	14.99
changelog.d/20260804_1607-added-node-model-and-edge-set.md	changelog	2026-08-04T18:32:33+02:00	2026-08-05T09:17:34+02:00	14.75
retro.d/20260804_1630-g3-node-model-and-edges.md	retro	2026-08-04T18:36:42+02:00	2026-08-05T09:17:34+02:00	14.68
retro.d/20260804_2105-g5-parent-child-ceiling.md	retro	2026-08-04T23:06:34+02:00	2026-08-05T09:17:34+02:00	10.18
changelog.d/20260804_2140-added-expansion-channel.md	changelog	2026-08-04T23:24:22+02:00	2026-08-05T09:17:34+02:00	9.89
retro.d/20260804_2135-g5-expansion-channel.md	retro	2026-08-04T23:32:37+02:00	2026-08-05T09:17:34+02:00	9.75
retro.d/20260804_2230-g5-roots-and-the-fanout-budget.md	retro	2026-08-05T00:32:24+02:00	2026-08-05T09:17:34+02:00	8.75
retro.d/20260804_2252-g5-the-gate-result.md	retro	2026-08-05T01:50:03+02:00	2026-08-05T09:17:34+02:00	7.46
changelog.d/20260805_0549-added-edge-hub-reporting.md	changelog	2026-08-05T07:50:44+02:00	2026-08-05T09:17:34+02:00	1.45
retro.d/20260805_0620-g6-edge-hub-reporting.md	retro	2026-08-05T08:03:21+02:00	2026-08-05T09:17:34+02:00	1.24
changelog.d/20260805_0740-fixed-backend-missing-error-names-alternative.md	changelog	2026-08-05T09:43:30+02:00	2026-08-05T20:08:42+02:00	10.42
retro.d/20260805_0741-light-backend-error-alternative.md	retro	2026-08-05T09:43:30+02:00	2026-08-05T20:08:42+02:00	10.42
changelog.d/20260805_0748-added-heading-coverage-check.md	changelog	2026-08-05T09:50:24+02:00	2026-08-05T20:08:42+02:00	10.30
retro.d/20260805_0748-heading-coverage-check.md	retro	2026-08-05T09:50:24+02:00	2026-08-05T20:08:42+02:00	10.30
changelog.d/20260805_0755-added-measure-sync-cpu-tool.md	changelog	2026-08-05T09:57:18+02:00	2026-08-05T20:08:42+02:00	10.19
retro.d/20260805_0806-i5-doctor-home-directory-leak.md	retro	2026-08-05T10:09:13+02:00	2026-08-05T20:08:42+02:00	9.99
changelog.d/20260805_0758-fixed-doctor-home-directory-leak.md	changelog	2026-08-05T10:09:13+02:00	2026-08-05T20:08:42+02:00	9.99
retro.d/20260805_1737-measure-sync-cpu-watched-the-launcher.md	retro	2026-08-05T19:39:52+02:00	2026-08-05T20:08:42+02:00	0.48
changelog.d/20260805_1749-fixed-fixture-copies-exclude-pinakes-state.md	changelog	2026-08-05T19:51:33+02:00	2026-08-05T20:08:42+02:00	0.29
retro.d/20260805_1749-fixture-copies-carried-developer-state.md	retro	2026-08-05T19:51:33+02:00	2026-08-05T20:08:42+02:00	0.29
retro.d/20260805_1755-exact-comparison-between-two-roundings.md	retro	2026-08-05T19:56:52+02:00	2026-08-05T20:08:42+02:00	0.20
changelog.d/20260805_1907-added-numbered-heading-grammar.md	changelog	2026-08-05T21:17:59+02:00	2026-08-05T23:04:09+02:00	1.77
retro.d/20260805_1907-a-guard-that-could-not-fire.md	retro	2026-08-05T21:17:59+02:00	2026-08-05T23:04:09+02:00	1.77
changelog.d/20260805_2020-fixed-chunking-edit-silently-ignored.md	changelog	2026-08-05T22:26:08+02:00	2026-08-05T23:04:09+02:00	0.63
retro.d/20260805_2020-a-warning-that-cleared-itself.md	retro	2026-08-05T22:26:08+02:00	2026-08-05T23:04:09+02:00	0.63
changelog.d/20260805_2100-added-rfc-corpus-tool.md	changelog	2026-08-05T23:00:29+02:00	2026-08-05T23:04:09+02:00	0.06
changelog.d/20260805_2100-changed-numbered-heading-predicate-measured.md	changelog	2026-08-05T23:00:29+02:00	2026-08-05T23:04:09+02:00	0.06
retro.d/20260805_2100-two-discriminators-rejected-on-evidence.md	retro	2026-08-05T23:00:29+02:00	2026-08-05T23:04:09+02:00	0.06
changelog.d/20260805_2156-fixed-heading-coverage-warns-only-for-markdown.md	changelog	2026-08-05T23:59:33+02:00	2026-08-06T00:24:06+02:00	0.41
retro.d/20260805_2156-the-sync-cpu-answer-and-its-instrument.md	retro	2026-08-05T23:59:33+02:00	2026-08-06T00:24:06+02:00	0.41
changelog.d/20260805_2211-changed-init-adopts-an-existing-directory.md	changelog	2026-08-06T00:15:10+02:00	2026-08-06T00:24:06+02:00	0.15
retro.d/20260805_2211-removing-a-guard-exposed-what-it-was-guarding.md	retro	2026-08-06T00:15:10+02:00	2026-08-06T00:24:06+02:00	0.15
changelog.d/20260805_2218-added-doctor-titles-check.md	changelog	2026-08-06T00:21:39+02:00	2026-08-06T00:24:06+02:00	0.04
changelog.d/20260805_2230-added-markdown-h1-becomes-the-title.md	changelog	2026-08-06T00:42:46+02:00	2026-08-06T00:50:20+02:00	0.13
changelog.d/20260806_0000-changed-claudemd-slimmed.md	changelog	2026-08-06T02:35:40+02:00	2026-08-06T02:56:19+02:00	0.34
retro.d/20260806_0033-claudemd-slim-pointer-sweep.md	retro	2026-08-06T02:35:59+02:00	2026-08-06T02:56:19+02:00	0.34
changelog.d/20260806_0044-fixed-utc-timestamps-everywhere.md	changelog	2026-08-06T02:44:46+02:00	2026-08-06T02:56:19+02:00	0.19
retro.d/20260806_0405-injection-experiment-premise-was-inferred.md	retro	2026-08-06T07:41:56+02:00	2026-08-07T13:51:27+02:00	30.16
changelog.d/20260806_0612-changed-rfc-corpus-titles-and-reserve.md	changelog	2026-08-06T08:15:44+02:00	2026-08-07T13:51:27+02:00	29.60
retro.d/20260806_0612-i2a-rfc-corpus-titles-and-reserve.md	retro	2026-08-06T08:15:44+02:00	2026-08-07T13:51:27+02:00	29.60
changelog.d/20260806_0824-added-metadata-prefix-refusal.md	changelog	2026-08-06T10:26:30+02:00	2026-08-07T13:51:27+02:00	27.42
retro.d/20260806_0824-i2b-prefix-refusal.md	retro	2026-08-06T10:26:30+02:00	2026-08-07T13:51:27+02:00	27.42
changelog.d/20260806_1142-added-rfc-golden-set.md	changelog	2026-08-06T13:47:02+02:00	2026-08-07T13:51:27+02:00	24.07
retro.d/20260806_1142-i2c-rfc-golden-set.md	retro	2026-08-06T13:47:02+02:00	2026-08-07T13:51:27+02:00	24.07
changelog.d/20260806_1153-fixed-outcomes-header-chunking.md	changelog	2026-08-06T13:55:44+02:00	2026-08-07T13:51:27+02:00	23.93
changelog.d/20260807_0815-added-chunking-metadata-injection.md	changelog	2026-08-07T10:16:17+02:00	2026-08-07T13:51:27+02:00	3.59
changelog.d/20260807_0816-added-two-leg-gate.md	changelog	2026-08-07T10:16:17+02:00	2026-08-07T13:51:27+02:00	3.59
changelog.d/20260807_0817-fixed-stale-docstrings.md	changelog	2026-08-07T10:16:17+02:00	2026-08-07T13:51:27+02:00	3.59
retro.d/20260807_0907-i2d-metadata-injection-screen.md	retro	2026-08-07T11:09:09+02:00	2026-08-07T13:51:27+02:00	2.71
changelog.d/20260807_0954-fixed-rebuild-half-injected-index.md	changelog	2026-08-07T11:56:37+02:00	2026-08-07T13:51:27+02:00	1.91
retro.d/20260807_0954-i2d-review-half-injected-index.md	retro	2026-08-07T11:56:37+02:00	2026-08-07T13:51:27+02:00	1.91
changelog.d/20260807_1034-fixed-injection-silence-on-existing-indexes.md	changelog	2026-08-07T12:37:10+02:00	2026-08-07T13:51:27+02:00	1.24
retro.d/20260807_1034-i2d-review-round-two.md	retro	2026-08-07T12:37:10+02:00	2026-08-07T13:51:27+02:00	1.24
changelog.d/20260807_1929-added-template-version-archive.md	changelog	2026-08-07T21:31:04+02:00	2026-08-07T23:19:43+02:00	1.81
retro.d/20260807_1936-t1-version-archive.md	retro	2026-08-07T21:38:32+02:00	2026-08-07T23:19:43+02:00	1.69
changelog.d/20260807_2145-fixed-env-example-key-name.md	changelog	2026-08-07T23:47:38+02:00	2026-08-08T00:42:24+02:00	0.91
changelog.d/20260807_2228-changed-doctor-reports-template-drift-as-a-diff.md	changelog	2026-08-08T00:28:22+02:00	2026-08-08T00:42:24+02:00	0.23
retro.d/20260807_2228-t2-doctor-template-drift-diff.md	retro	2026-08-08T00:28:22+02:00	2026-08-08T00:42:24+02:00	0.23
changelog.d/20260808_0947-added-pnk-templates.md	changelog	2026-08-08T11:48:31+02:00	2026-08-08T12:22:59+02:00	0.57
changelog.d/20260808_0947-added-template-declares-its-files.md	changelog	2026-08-08T11:48:31+02:00	2026-08-08T12:22:59+02:00	0.57
changelog.d/20260808_0954-fixed-templates-damaged-install.md	changelog	2026-08-08T11:55:16+02:00	2026-08-08T12:22:59+02:00	0.46
retro.d/20260808_0954-t7-templates.md	retro	2026-08-08T11:55:16+02:00	2026-08-08T12:22:59+02:00	0.46
changelog.d/20260808_1000-fixed-files-in-drift-hash.md	changelog	2026-08-08T12:03:52+02:00	2026-08-08T12:22:59+02:00	0.32
changelog.d/20260808_1818-fixed-damaged-template-is-a-message.md	changelog	2026-08-08T20:21:44+02:00	2026-08-10T03:55:46+02:00	31.57
changelog.d/20260808_1818-fixed-graph-gate-blind-to-chunking.md	changelog	2026-08-08T20:21:44+02:00	2026-08-10T03:55:46+02:00	31.57
retro.d/20260810_0129-a-guard-can-route-a-failure-into-a-wrong-message.md	retro	2026-08-10T03:30:12+02:00	2026-08-10T03:55:46+02:00	0.43
changelog.d/20260811_0731-fixed-init-validates-before-writing.md	changelog	2026-08-11T09:31:29+02:00	2026-08-11T10:30:44+02:00	0.99
changelog.d/20260811_0743-fixed-apply-restamps-on-same-manifest.md	changelog	2026-08-11T09:43:46+02:00	2026-08-11T10:30:44+02:00	0.78
changelog.d/20260811_0753-added-eval-header-records-the-tier-that-ran.md	changelog	2026-08-11T09:53:29+02:00	2026-08-11T10:30:44+02:00	0.62
changelog.d/20260811_0805-fixed-rebuild-rechunks-paid-documents.md	changelog	2026-08-11T10:05:14+02:00	2026-08-11T10:30:44+02:00	0.42
changelog.d/20260811_0819-added-init-backend-flag.md	changelog	2026-08-11T10:19:11+02:00	2026-08-11T10:30:44+02:00	0.19
changelog.d/20260811_0823-added-release-workflow-creates-the-release.md	changelog	2026-08-11T10:23:16+02:00	2026-08-11T10:30:44+02:00	0.12
changelog.d/20260811_1218-fixed-roadmap-narrative-stale.md	changelog	2026-08-11T14:25:37+02:00	2026-08-11T14:31:33+02:00	0.10
retro.d/20260811_1218-a-release-sweep-is-table-shaped.md	retro	2026-08-11T14:25:37+02:00	2026-08-11T14:31:33+02:00	0.10
changelog.d/20260811_1327-fixed-release-order.md	changelog	2026-08-11T15:38:16+02:00	2026-08-11T15:52:28+02:00	0.24
retro.d/20260811_1327-release-order-drifted.md	retro	2026-08-11T15:38:16+02:00	2026-08-11T15:52:28+02:00	0.24
changelog.d/20260811_1410-added-deep-release-plan.md	changelog	2026-08-11T16:11:18+02:00	2026-08-11T17:34:40+02:00	1.39
changelog.d/20260811_1417-changed-deep-release-decisions.md	changelog	2026-08-11T16:20:25+02:00	2026-08-11T17:34:40+02:00	1.24
changelog.d/20260811_1437-fixed-status-wedged-run.md	changelog	2026-08-11T16:39:42+02:00	2026-08-11T17:34:40+02:00	0.92
changelog.d/20260811_1441-fixed-concurrency-claim.md	changelog	2026-08-11T16:43:31+02:00	2026-08-11T17:34:40+02:00	0.85
changelog.d/20260811_1450-changed-e1-no-deep-flag.md	changelog	2026-08-11T16:50:02+02:00	2026-08-11T17:34:40+02:00	0.74
changelog.d/20260811_1506-added-pnk-ask.md	changelog	2026-08-11T17:07:26+02:00	2026-08-11T17:34:40+02:00	0.45
changelog.d/20260811_1507-changed-search-escalation-notice.md	changelog	2026-08-11T17:07:26+02:00	2026-08-11T17:34:40+02:00	0.45
retro.d/20260811_1517-e1-pnk-ask.md	retro	2026-08-11T17:20:10+02:00	2026-08-11T17:34:40+02:00	0.24
changelog.d/20260811_1538-changed-handover-is-a-stop.md	changelog	2026-08-11T17:41:02+02:00	2026-08-12T00:33:17+02:00	6.87
changelog.d/20260811_1542-changed-verify-the-artifact-not-the-version.md	changelog	2026-08-11T17:45:56+02:00	2026-08-12T00:33:17+02:00	6.79
changelog.d/20260811_1607-added-deep-round-estimator.md	changelog	2026-08-11T18:08:08+02:00	2026-08-12T00:33:17+02:00	6.42
retro.d/20260811_1615-e2-round-estimator.md	retro	2026-08-11T18:16:12+02:00	2026-08-12T00:33:17+02:00	6.28
changelog.d/20260811_1701-added-deep-paid-client.md	changelog	2026-08-11T19:05:40+02:00	2026-08-12T00:33:17+02:00	5.46
retro.d/20260811_1712-e3-deep-client.md	retro	2026-08-11T19:14:54+02:00	2026-08-12T00:33:17+02:00	5.31
changelog.d/20260811_2100-added-deep-loop.md	changelog	2026-08-11T23:38:19+02:00	2026-08-12T00:33:17+02:00	0.92
changelog.d/20260811_2101-changed-budget-defaults-admit-a-deep-run.md	changelog	2026-08-11T23:38:19+02:00	2026-08-12T00:33:17+02:00	0.92
changelog.d/20260811_2102-added-deep-manifest-section.md	changelog	2026-08-11T23:38:19+02:00	2026-08-12T00:33:17+02:00	0.92
retro.d/20260811_2140-e4-ctrl-c-voided-a-billed-call.md	retro	2026-08-11T23:53:07+02:00	2026-08-12T00:33:17+02:00	0.67
retro.d/20260811_2210-e4-docs-quoting-stale-output.md	retro	2026-08-12T00:07:31+02:00	2026-08-12T00:33:17+02:00	0.43
changelog.d/20260812_0511-added-deep-run-transcript.md	changelog	2026-08-12T07:15:48+02:00	2026-08-12T07:35:38+02:00	0.33
retro.d/20260812_0511-e5-run-transcript.md	retro	2026-08-12T07:15:48+02:00	2026-08-12T07:35:38+02:00	0.33
changelog.d/20260822_0614-added-mutation-harness.md	changelog	2026-08-22T07:18:38+01:00	2026-08-22T07:29:43+01:00	0.18
retro.d/20260822_0614-mutation-harness.md	retro	2026-08-22T07:18:38+01:00	2026-08-22T07:29:43+01:00	0.18
changelog.d/20260822_0641-fixed-fragment-front-matter-refused.md	changelog	2026-08-22T07:41:28+01:00	2026-08-22T08:09:36+01:00	0.47
changelog.d/20260822_0653-fixed-release-order-gate-reads-status-prose.md	changelog	2026-08-22T07:53:35+01:00	2026-08-22T08:09:36+01:00	0.27
retro.d/20260822_0700-a-gate-that-cannot-read-what-it-is-cited-for.md	retro	2026-08-22T08:00:15+01:00	2026-08-22T08:09:36+01:00	0.16
retro.d/20260822_0725-verify-the-remedy-not-only-the-finding.md	retro	2026-08-22T08:28:35+01:00	2026-08-22T11:06:12+01:00	2.63
changelog.d/20260822_0743-fixed-pnk-serve-dead-on-every-fresh-install.md	changelog	2026-08-22T08:50:17+01:00	2026-08-22T09:25:15+01:00	0.58
changelog.d/20260822_0820-added-ci-resolves-and-exercises-the-wheel.md	changelog	2026-08-22T09:25:15+01:00	2026-08-22T11:06:12+01:00	1.68
changelog.d/20260822_0820-fixed-pnk-serve-dead-on-every-fresh-install.md	changelog	2026-08-22T09:25:15+01:00	2026-08-22T11:06:12+01:00	1.68
retro.d/20260822_0820-the-leg-had-to-be-run-against-the-defect.md	retro	2026-08-22T09:25:15+01:00	2026-08-22T11:06:12+01:00	1.68
changelog.d/20260822_1744-fixed-roadmap-section-placement-gated.md	changelog	2026-08-22T18:44:58+01:00	2026-08-23T02:42:53+01:00	7.97
changelog.d/20260822_1747-changed-serve-on-mcp-2x.md	changelog	2026-08-22T18:58:24+01:00	2026-08-23T02:42:53+01:00	7.74
changelog.d/20260822_1748-added-mcp-handshake-gate.md	changelog	2026-08-22T18:58:24+01:00	2026-08-23T02:42:53+01:00	7.74
changelog.d/20260822_1758-fixed-release-membership-gated.md	changelog	2026-08-22T18:58:47+01:00	2026-08-23T02:42:53+01:00	7.74
retro.d/20260822_1800-a-gate-must-not-derive-its-own-answer.md	retro	2026-08-22T19:02:36+01:00	2026-08-23T02:42:53+01:00	7.67
retro.d/20260822_1823-the-port-was-four-lines-the-gate-was-not.md	retro	2026-08-22T19:24:09+01:00	2026-08-23T02:42:53+01:00	7.31
retro.d/20260823_0142-when-a-constant-cannot-be-declared-constrain-it.md	retro	2026-08-23T02:45:11+01:00	2026-08-23T03:11:41+01:00	0.44
changelog.d/20260823_0135-fixed-part-ranges-cannot-be-widened-to-silence-placement.md	changelog	2026-08-23T02:45:11+01:00	2026-08-23T03:11:41+01:00	0.44
changelog.d/20260822_1835-fixed-verification-lag-is-bounded.md	changelog	2026-08-23T02:45:11+01:00	2026-08-23T03:11:41+01:00	0.44
changelog.d/20260823_0243-fixed-guide-rerun-against-0-28-1.md	changelog	2026-08-23T03:46:30+01:00	2026-08-23T03:53:01+01:00	0.11
retro.d/20260823_0243-a-documents-stamp-is-a-claim-nothing-checks.md	retro	2026-08-23T03:46:30+01:00	2026-08-23T03:53:01+01:00	0.11
changelog.d/20260823_0233-fixed-published-versions-row-is-a-checked-sequence.md	changelog	2026-08-23T03:55:39+01:00	2026-08-23T04:13:47+01:00	0.30
retro.d/20260823_0233-a-gate-can-be-green-on-the-list-next-door.md	retro	2026-08-23T03:55:39+01:00	2026-08-23T04:13:47+01:00	0.30
changelog.d/20260823_1436-added-markdown-link-gate.md	changelog	2026-08-23T15:44:09+01:00	2026-08-23T16:14:36+01:00	0.51
retro.d/20260823_1436-markdown-link-gate.md	retro	2026-08-23T15:44:09+01:00	2026-08-23T16:14:36+01:00	0.51
changelog.d/20260823_1457-added-landing-beside-a-peer.md	changelog	2026-08-23T16:01:09+01:00	2026-08-23T16:14:36+01:00	0.22
retro.d/20260823_1457-landing-beside-a-peer.md	retro	2026-08-23T16:01:09+01:00	2026-08-23T16:14:36+01:00	0.22
changelog.d/20260823_1504-fixed-changelog-structure.md	changelog	2026-08-23T16:04:06+01:00	2026-08-23T16:14:36+01:00	0.17
changelog.d/20260823_1535-added-fragments-document-gate.md	changelog	2026-08-23T16:44:39+01:00	2026-08-24T04:07:00+01:00	11.37
retro.d/20260823_1535-fragments-document-gate.md	retro	2026-08-23T16:44:39+01:00	2026-08-24T04:07:00+01:00	11.37
changelog.d/20260823_1936-fixed-splice-fence-blindness-and-atomic-apply.md	changelog	2026-08-23T20:36:11+01:00	2026-08-24T04:07:00+01:00	7.51
changelog.d/20260823_1618-fixed-front-matter-residue.md	changelog	2026-08-24T01:17:43+01:00	2026-08-24T04:07:00+01:00	2.82
retro.d/20260823_1618-the-assembled-document-nobody-reads.md	retro	2026-08-24T01:17:43+01:00	2026-08-24T04:07:00+01:00	2.82
retro.d/20260824_0023-a-closing-note-that-was-wrong.md	retro	2026-08-24T01:23:54+01:00	2026-08-24T04:07:00+01:00	2.72
changelog.d/20260824_0031-fixed-who-cuts-a-release.md	changelog	2026-08-24T01:36:52+01:00	2026-08-24T04:07:00+01:00	2.50
changelog.d/20260825_0014-fixed-gitignore-detector-asks-git.md	changelog	2026-08-25T01:15:15+01:00	2026-08-25T01:49:42+01:00	0.57
retro.d/20260825_0014-the-check-that-was-not-git.md	retro	2026-08-25T01:15:15+01:00	2026-08-25T01:49:42+01:00	0.57
retro.d/20260825_0011-two-precedents-that-agree.md	retro	2026-08-25T01:15:54+01:00	2026-08-25T01:49:42+01:00	0.56
changelog.d/20260825_0053-fixed-a-diagnostic-that-printed-nothing.md	changelog	2026-08-25T01:53:58+01:00	2026-08-25T02:03:32+01:00	0.16
retro.d/20260825_0053-a-review-of-a-moving-target.md	retro	2026-08-25T01:53:58+01:00	2026-08-25T02:03:32+01:00	0.16
retro.d/20260825_0755-a-check-that-runs-before-the-hazard-exists.md	retro	2026-08-25T09:05:38+01:00	2026-08-25T09:40:23+01:00	0.58
changelog.d/20260825_0816-fixed-init-sees-a-tracked-kb.md	changelog	2026-08-25T09:18:23+01:00	2026-08-25T09:40:23+01:00	0.37
retro.d/20260825_0816-x1-the-instrument-that-could-not-fail.md	retro	2026-08-25T09:18:23+01:00	2026-08-25T09:40:23+01:00	0.37
changelog.d/20260825_1855-changed-eight-decisions-recorded.md	changelog	2026-08-25T19:56:06+01:00	2026-08-30T15:53:51+01:00	115.96
retro.d/20260825_1855-taking-eight-decisions-into-the-documents.md	retro	2026-08-25T19:56:06+01:00	2026-08-30T15:53:51+01:00	115.96
changelog.d/20260825_1855-added-doctor-reports-retired-documents.md	changelog	2026-08-25T19:56:35+01:00	2026-08-30T15:53:51+01:00	115.95
changelog.d/20260825_1855-fixed-a-changed-sidecar-id-wedged-the-index.md	changelog	2026-08-25T19:56:35+01:00	2026-08-30T15:53:51+01:00	115.95
changelog.d/20260825_1855-fixed-a-failed-rename-cycle-no-longer-retires-a-document.md	changelog	2026-08-25T19:56:35+01:00	2026-08-30T15:53:51+01:00	115.95
retro.d/20260825_1855-s2-a-census-is-not-a-plan.md	retro	2026-08-25T19:56:35+01:00	2026-08-30T15:53:51+01:00	115.95
changelog.d/20260825_2313-added-review-pass-gate.md	changelog	2026-08-26T00:18:44+01:00	2026-08-30T15:53:51+01:00	111.59
changelog.d/20260826_0632-changed-every-decided-item-has-a-queue-position.md	changelog	2026-08-26T07:36:44+01:00	2026-08-30T15:53:51+01:00	104.29
changelog.d/20260826_0632-fixed-a-battery-readme-claim-that-reading-names-produced.md	changelog	2026-08-26T07:36:44+01:00	2026-08-30T15:53:51+01:00	104.29
retro.d/20260826_0632-the-queues-describe-the-tree.md	retro	2026-08-26T07:36:44+01:00	2026-08-30T15:53:51+01:00	104.29
changelog.d/20260826_0638-fixed-release-check-verified-nothing.md	changelog	2026-08-26T07:42:27+01:00	2026-08-30T15:53:51+01:00	104.19
retro.d/20260826_0638-a-gate-that-could-not-fail.md	retro	2026-08-26T07:42:27+01:00	2026-08-30T15:53:51+01:00	104.19
retro.d/20260826_0650-measuring-the-review-loop.md	retro	2026-08-26T07:53:25+01:00	2026-08-30T15:53:51+01:00	104.01
changelog.d/20260826_0659-added-the-hold-marker-is-now-a-check.md	changelog	2026-08-26T08:03:04+01:00	2026-08-30T15:53:51+01:00	103.85
retro.d/20260826_0659-the-half-a-gate-cannot-see.md	retro	2026-08-26T08:03:04+01:00	2026-08-30T15:53:51+01:00	103.85
retro.d/20260826_0702-one-fix-falsified-six-documents.md	retro	2026-08-26T08:11:13+01:00	2026-08-30T15:53:51+01:00	103.71
retro.d/20260826_0720-two-sessions-measured-the-same-thing.md	retro	2026-08-26T08:22:08+01:00	2026-08-30T15:53:51+01:00	103.53
changelog.d/20260826_0727-fixed-the-release-procedure-never-asked-for-the-hold-marker.md	changelog	2026-08-26T08:27:56+01:00	2026-08-30T15:53:51+01:00	103.43
retro.d/20260826_0727-a-procedure-that-never-asked.md	retro	2026-08-26T08:27:56+01:00	2026-08-30T15:53:51+01:00	103.43
retro.d/20260826_0733-the-cycles-price.md	retro	2026-08-26T08:33:13+01:00	2026-08-30T15:53:51+01:00	103.34
changelog.d/20260826_0740-added-review-ledger.md	changelog	2026-08-26T08:43:41+01:00	2026-08-30T15:53:51+01:00	103.17
retro.d/20260826_0740-the-map-a-pass-never-draws.md	retro	2026-08-26T08:43:41+01:00	2026-08-30T15:53:51+01:00	103.17
retro.d/20260826_1130-the-procedure-guaranteed-the-fragment-was-never-reviewed.md	retro	2026-08-26T12:30:24+01:00	2026-08-30T15:53:51+01:00	99.39
retro.d/20260826_1146-the-remedy-had-a-false-positive.md	retro	2026-08-26T12:46:26+01:00	2026-08-30T15:53:51+01:00	99.12
retro.d/20260826_1151-a-ratio-over-a-growing-denominator.md	retro	2026-08-26T12:51:44+01:00	2026-08-30T15:53:51+01:00	99.04
changelog.d/20260826_1147-fixed-a-rename-chain-no-longer-corrupts-the-index.md	changelog	2026-08-30T10:03:05+01:00	2026-09-01T00:09:16+01:00	38.10
retro.d/20260826_1147-a-global-guarantee-unpins-local-tests.md	retro	2026-08-30T10:03:05+01:00	2026-09-01T00:09:16+01:00	38.10
retro.d/20260830_0929-red-on-the-clock-and-a-review-that-half-ran.md	retro	2026-08-30T10:33:43+01:00	2026-08-30T15:53:51+01:00	5.34
changelog.d/20260830_1431-fixed-the-suite-no-longer-inherits-the-clock.md	changelog	2026-08-30T15:35:43+01:00	2026-08-30T15:53:51+01:00	0.30
retro.d/20260830_1431-the-seam-was-the-table-not-the-clock.md	retro	2026-08-30T15:35:43+01:00	2026-08-30T15:53:51+01:00	0.30
changelog.d/20260830_1504-fixed-a-prepared-but-unpublished-release-is-declared-not-tolerated.md	changelog	2026-08-30T16:07:25+01:00	2026-09-01T00:09:16+01:00	32.03
retro.d/20260830_1504-green-here-red-on-the-tree-this-becomes.md	retro	2026-08-30T16:07:25+01:00	2026-09-01T00:09:16+01:00	32.03
changelog.d/20260830_1515-fixed-a-restored-paid-document-is-not-told-its-content-changed.md	changelog	2026-08-30T16:19:24+01:00	2026-09-01T00:09:16+01:00	31.83
retro.d/20260830_1515-the-obvious-fix-would-have-shipped-the-violation.md	retro	2026-08-30T16:19:24+01:00	2026-09-01T00:09:16+01:00	31.83
changelog.d/20260831_2158-fixed-a-rename-collision-is-recorded-with-a-remedy.md	changelog	2026-08-31T23:02:15+01:00	2026-09-01T00:09:16+01:00	1.12
retro.d/20260831_2158-a-one-line-containment-that-swallowed-the-schema.md	retro	2026-08-31T23:02:15+01:00	2026-09-01T00:09:16+01:00	1.12
changelog.d/20260831_2221-fixed-pnk-serve-answers-after-a-pause.md	changelog	2026-08-31T23:22:25+01:00	2026-09-01T00:09:16+01:00	0.78
retro.d/20260831_2221-a-thread-id-is-a-slot-not-an-identity.md	retro	2026-08-31T23:22:25+01:00	2026-09-01T00:09:16+01:00	0.78
changelog.d/20260831_2259-added-agent-spend-measures-what-the-agents-cost.md	changelog	2026-09-01T00:02:49+01:00	2026-09-02T11:05:51+01:00	35.05
retro.d/20260831_2259-a-population-that-could-not-contain-the-thing-i-looked-for.md	retro	2026-09-01T00:02:49+01:00	2026-09-02T11:05:51+01:00	35.05
changelog.d/20260831_2326-added-the-ceiling-probe-takes-the-golden-set-as-an-argument.md	changelog	2026-09-01T00:31:16+01:00	2026-09-02T11:05:51+01:00	34.58
retro.d/20260831_2326-the-artifact-was-never-silent.md	retro	2026-09-01T00:31:16+01:00	2026-09-01T00:48:57+01:00	0.29
retro.d/20260831_2326-i-corrected-a-document-i-had-not-read.md	retro	2026-09-01T00:48:57+01:00	2026-09-02T11:05:51+01:00	34.28
retro.d/20260901_0631-i-composed-a-number-again-and-a-test-that-was-not-a-pin.md	retro	2026-09-01T07:32:27+01:00	2026-09-02T11:05:51+01:00	27.56
retro.d/20260901_0633-checking-the-wrong-artifact.md	retro	2026-09-01T07:43:50+01:00	2026-09-02T11:05:51+01:00	27.37
changelog.d/20260901_0735-fixed-the-20260807-docs-audit-closed-as-one-unit.md	changelog	2026-09-01T12:14:18+01:00	2026-09-02T11:05:51+01:00	22.86
retro.d/20260901_0713-the-rule-i-quoted-had-been-deleted.md	retro	2026-09-01T12:14:18+01:00	2026-09-02T11:05:51+01:00	22.86
retro.d/20260901_0736-judge-the-rate-before-the-closure.md	retro	2026-09-01T12:14:18+01:00	2026-09-02T11:05:51+01:00	22.86
changelog.d/20260901_1125-fixed-a-correct-cross-fragment-link-turned-main-red.md	changelog	2026-09-01T12:26:33+01:00	2026-09-02T11:05:51+01:00	22.66
retro.d/20260901_1125-the-shipped-artifact-is-the-tiebreaker.md	retro	2026-09-01T12:26:33+01:00	2026-09-02T11:05:51+01:00	22.66
changelog.d/20260901_1140-fixed-a-build-order-row-that-read-open-for-nine-days.md	changelog	2026-09-01T12:43:35+01:00	2026-09-02T11:05:51+01:00	22.37
retro.d/20260901_1140-a-register-decays-at-the-speed-of-its-neglect.md	retro	2026-09-01T12:43:35+01:00	2026-09-02T11:05:51+01:00	22.37
retro.d/20260901_1141-i-typed-the-counterevidence-and-blamed-the-seam-anyway.md	retro	2026-09-01T12:43:35+01:00	2026-09-02T11:05:51+01:00	22.37
retro.d/20260901_1153-a-proven-instrument-returning-nothing-is-a-result.md	retro	2026-09-01T12:57:27+01:00	2026-09-02T11:05:51+01:00	22.14
retro.d/20260901_1200-every-option-in-the-table-shared-a-premise.md	retro	2026-09-01T13:11:01+01:00	2026-09-02T11:05:51+01:00	21.91
changelog.d/20260901_1226-fixed-the-live-build-order-disagreed-with-itself-about-its-own-count.md	changelog	2026-09-01T18:54:27+01:00	2026-09-02T11:05:51+01:00	16.19
retro.d/20260901_1226-a-watcher-outlived-the-session-that-armed-it.md	retro	2026-09-01T18:54:27+01:00	2026-09-02T11:05:51+01:00	16.19
changelog.d/20260901_0715-added-retro-fragment-heading-and-stamp-gate.md	changelog	2026-09-01T19:23:53+01:00	2026-09-02T11:05:51+01:00	15.70
retro.d/20260901_0715-a-clean-result-is-a-reason-to-check-the-harness.md	retro	2026-09-01T19:23:53+01:00	2026-09-02T11:05:51+01:00	15.70
changelog.d/20260901_1826-fixed-a-status-header-called-a-shipped-flag-a-proposal.md	changelog	2026-09-01T19:30:12+01:00	2026-09-02T11:05:51+01:00	15.59
retro.d/20260901_1826-a-section-number-is-only-meaningful-inside-its-own-document.md	retro	2026-09-01T19:30:12+01:00	2026-09-02T11:05:51+01:00	15.59
retro.d/20260901_1840-a-gate-spoke-correctly-about-a-tree-nobody-edited.md	retro	2026-09-01T19:53:41+01:00	2026-09-02T11:05:51+01:00	15.20
retro.d/20260901_2003-merge-base-is-not-the-branch-point-after-a-rebase.md	retro	2026-09-01T21:04:04+01:00	2026-09-02T11:05:51+01:00	14.03
changelog.d/20260901_2036-fixed-two-rulings-rowed-and-one-gate-refused.md	changelog	2026-09-01T21:37:39+01:00	2026-09-02T11:05:51+01:00	13.47
retro.d/20260901_2036-i-broke-the-table-i-was-adding-a-row-to.md	retro	2026-09-01T21:37:39+01:00	2026-09-02T11:05:51+01:00	13.47
changelog.d/20260902_0007-fixed-a-count-over-the-wrong-population-and-a-gate-that-disagrees-with-its-renderer.md	changelog	2026-09-02T01:08:28+01:00	2026-09-02T11:05:51+01:00	9.96
retro.d/20260902_0007-i-measured-the-live-directory-and-answered-about-the-corpus.md	retro	2026-09-02T01:08:28+01:00	2026-09-02T11:05:51+01:00	9.96
retro.d/20260902_0004-a-clean-result-from-an-instrument-that-never-ran.md	retro	2026-09-02T01:11:24+01:00	2026-09-02T11:05:51+01:00	9.91
changelog.d/20260902_0204-fixed-a-ruling-whose-stated-basis-was-false.md	changelog	2026-09-02T03:05:36+01:00	2026-09-02T11:05:51+01:00	8.00
retro.d/20260902_0204-i-read-an-error-message-as-evidence-of-the-arm-that-raised-it.md	retro	2026-09-02T03:05:36+01:00	2026-09-02T11:05:51+01:00	8.00
retro.d/20260902_0245-a-method-is-not-a-measurement-point.md	retro	2026-09-02T03:46:57+01:00	2026-09-02T11:05:51+01:00	7.32
retro.d/20260902_0734-the-surface-a-later-pass-cannot-fix.md	retro	2026-09-02T08:42:06+01:00	2026-09-02T11:05:51+01:00	2.40
retro.d/20260902_0741-the-census-i-called-correct-was-the-incoherent-one.md	retro	2026-09-02T08:44:55+01:00	2026-09-02T11:05:51+01:00	2.35
retro.d/20260902_0811-i-watched-a-sha-that-does-not-exist.md	retro	2026-09-02T09:17:14+01:00	2026-09-02T11:05:51+01:00	1.81
retro.d/20260902_0830-the-config-does-not-name-the-renderer.md	retro	2026-09-02T09:34:44+01:00	2026-09-02T11:05:51+01:00	1.52
changelog.d/20260902_0853-fixed-the-link-gate-resolves-a-fragment-where-its-body-is-going.md	changelog	2026-09-02T09:57:00+01:00	2026-09-02T11:05:51+01:00	1.15
retro.d/20260902_0853-the-restore-command-is-the-one-that-eats-the-work.md	retro	2026-09-02T09:57:00+01:00	2026-09-02T11:05:51+01:00	1.15
changelog.d/20260902_0927-fixed-one-unreadable-file-no-longer-takes-the-whole-index-with-it.md	changelog	2026-09-02T10:28:59+01:00	2026-09-02T11:05:51+01:00	0.61
retro.d/20260902_0927-the-naive-fix-was-the-silent-one.md	retro	2026-09-02T10:28:59+01:00	2026-09-02T11:05:51+01:00	0.61
changelog.d/20260902_1007-added-battery-section-headers-are-gated.md	changelog	2026-09-02T11:08:01+01:00	2026-09-03T10:38:05+01:00	23.50
retro.d/20260902_1007-the-gate-against-drift-that-skipped-the-drift.md	retro	2026-09-02T11:08:01+01:00	2026-09-03T10:38:05+01:00	23.50
retro.d/20260902_1026-i-published-a-count-i-never-ran.md	retro	2026-09-02T11:30:15+01:00	2026-09-03T10:38:05+01:00	23.13
retro.d/20260902_1026-the-gate-i-ran-was-not-the-gate-ci-runs.md	retro	2026-09-02T11:30:15+01:00	2026-09-03T10:38:05+01:00	23.13
changelog.d/20260902_1045-fixed-a-money-assertion-quantisation-cannot-hold.md	changelog	2026-09-02T11:46:57+01:00	2026-09-03T10:38:05+01:00	22.85
retro.d/20260902_1045-green-for-the-value-of-a-constant-neither-test-mentions.md	retro	2026-09-02T11:46:57+01:00	2026-09-03T10:38:05+01:00	22.85
changelog.d/20260902_1148-fixed-a-kb-name-no-longer-bricks-the-kb-at-creation.md	changelog	2026-09-02T12:52:03+01:00	2026-09-03T10:38:05+01:00	21.77
retro.d/20260902_1200-an-example-i-reasoned-about-instead-of-running.md	retro	2026-09-02T13:04:33+01:00	2026-09-03T10:38:05+01:00	21.56
retro.d/20260902_1159-a-mutant-killed-for-the-wrong-reason.md	retro	2026-09-02T13:06:29+01:00	2026-09-03T10:38:05+01:00	21.53
retro.d/20260902_2118-the-fix-reproduced-the-defect-it-fixed.md	retro	2026-09-02T22:24:17+01:00	2026-09-03T10:38:05+01:00	12.23
retro.d/20260903_0830-a-commit-taken-inside-a-mutation-window.md	retro	2026-09-03T09:31:15+01:00	2026-09-03T10:38:05+01:00	1.11
retro.d/20260903_0903-three-mutants-that-killed-for-the-wrong-reason.md	retro	2026-09-03T10:07:12+01:00	2026-09-03T10:38:05+01:00	0.51
retro.d/20260903_1023-the-builder-found-the-summary-wrong.md	retro	2026-09-03T11:27:24+01:00	2026-09-03T14:07:31+01:00	2.67
retro.d/20260903_1048-a-green-battery-inherits-its-authors-framing.md	retro	2026-09-03T11:52:42+01:00	2026-09-03T14:07:31+01:00	2.25
changelog.d/20260903_1024-fixed-an-ordinary-deletion-no-longer-reports-a-move.md	changelog	2026-09-03T11:52:42+01:00	2026-09-03T14:07:31+01:00	2.25
changelog.d/20260903_1024-fixed-k-below-one-is-refused-at-the-boundary.md	changelog	2026-09-03T11:52:42+01:00	2026-09-03T14:07:31+01:00	2.25
changelog.d/20260903_1024-fixed-sidecars-only-with-index-only-is-refused.md	changelog	2026-09-03T11:52:42+01:00	2026-09-03T14:07:31+01:00	2.25
changelog.d/20260903_1024-fixed-the-failure-ledger-clears-and-doctors-remedy-is-true.md	changelog	2026-09-03T11:52:42+01:00	2026-09-03T14:07:31+01:00	2.25
retro.d/20260903_1024-a-decision-that-did-not-foresee-its-third-state.md	retro	2026-09-03T11:52:42+01:00	2026-09-03T14:07:31+01:00	2.25
retro.d/20260903_1024-a-fixture-named-for-a-scenario-it-did-not-build.md	retro	2026-09-03T11:52:42+01:00	2026-09-03T14:07:31+01:00	2.25
retro.d/20260903_1024-the-rollback-took-the-fix-with-it.md	retro	2026-09-03T11:52:42+01:00	2026-09-03T14:07:31+01:00	2.25
changelog.d/20260903_1207-fixed-a-broken-symlink-is-reported-rather-than-skipped.md	changelog	2026-09-03T13:24:43+01:00	2026-09-03T16:04:37+01:00	2.67
changelog.d/20260903_1207-fixed-a-mistyped-source-type-is-a-usage-error.md	changelog	2026-09-03T13:24:43+01:00	2026-09-03T16:04:37+01:00	2.67
changelog.d/20260903_1207-fixed-an-empty-kb-no-longer-blames-filters-nobody-passed.md	changelog	2026-09-03T13:24:43+01:00	2026-09-03T16:04:37+01:00	2.67
retro.d/20260903_1258-a-control-must-be-shown-able-to-fail.md	retro	2026-09-03T14:01:25+01:00	2026-09-03T16:04:37+01:00	2.05
retro.d/20260903_1258-a-docstring-can-claim-a-surface-the-code-never-reached.md	retro	2026-09-03T14:01:25+01:00	2026-09-03T16:04:37+01:00	2.05
retro.d/20260903_1258-a-replace-all-edits-fixtures-you-never-read.md	retro	2026-09-03T14:01:25+01:00	2026-09-03T16:04:37+01:00	2.05
retro.d/20260903_1258-a-vague-sentence-made-specific-and-false.md	retro	2026-09-03T14:01:25+01:00	2026-09-03T16:04:37+01:00	2.05
changelog.d/20260903_1350-fixed-pnk-sync-crashed-on-python-3-13.md	changelog	2026-09-03T14:54:15+01:00	2026-09-03T16:04:37+01:00	1.17
retro.d/20260903_1350-a-gate-that-never-ran-the-version-it-promised.md	retro	2026-09-03T14:54:15+01:00	2026-09-03T16:04:37+01:00	1.17
retro.d/20260903_1350-a-measurement-with-an-unnamed-population.md	retro	2026-09-03T14:54:15+01:00	2026-09-03T16:04:37+01:00	1.17
retro.d/20260903_1350-i-almost-reported-an-invariant-break-i-had-not-measured.md	retro	2026-09-03T14:54:15+01:00	2026-09-03T16:04:37+01:00	1.17
retro.d/20260903_1318-the-tag-points-at-a-commit-ci-never-finished.md	retro	2026-09-03T15:07:53+01:00	2026-09-03T16:04:37+01:00	0.95
changelog.d/20260903_1410-fixed-doctor-offered-to-prune-a-sidecar-whose-document-is-present.md	changelog	2026-09-03T15:11:35+01:00	2026-09-03T16:04:37+01:00	0.88
retro.d/20260903_1410-the-fix-stopped-at-the-boundary-i-reasoned-to.md	retro	2026-09-03T15:11:35+01:00	2026-09-03T16:04:37+01:00	0.88
retro.d/20260903_1523-a-two-way-selector-that-falls-one-way.md	retro	2026-09-03T16:26:54+01:00	2026-09-03T17:48:55+01:00	1.37
changelog.d/20260903_1610-fixed-a-source-directory-the-walk-cannot-enter.md	changelog	2026-09-03T17:29:46+01:00	2026-09-03T17:48:55+01:00	0.32
retro.d/20260903_1610-a-fixture-that-never-reached-the-code-under-test.md	retro	2026-09-03T17:29:46+01:00	2026-09-03T17:48:55+01:00	0.32
retro.d/20260903_1610-a-hook-that-could-not-fire-for-half-the-class.md	retro	2026-09-03T17:29:46+01:00	2026-09-03T17:48:55+01:00	0.32
changelog.d/20260904_0202-fixed-doctor-dropped-an-unreadable-paid-document.md	changelog	2026-09-04T03:03:48+01:00	2026-09-04T09:52:42+01:00	6.82
changelog.d/20260904_0202-fixed-pnk-link-blames-the-path-for-a-permission.md	changelog	2026-09-04T03:03:48+01:00	2026-09-04T09:52:42+01:00	6.82
retro.d/20260904_0202-a-ruling-measured-and-a-fake-that-outlived-its-branch.md	retro	2026-09-04T03:03:48+01:00	2026-09-04T09:52:42+01:00	6.82
retro.d/20260904_0212-a-gate-i-read-but-did-not-obey.md	retro	2026-09-04T03:35:16+01:00	2026-09-04T09:52:42+01:00	6.29
changelog.d/20260904_0255-fixed-a-partner-kb-present-but-unreadable-was-reported-as-absent.md	changelog	2026-09-04T03:56:06+01:00	2026-09-04T09:52:42+01:00	5.94
retro.d/20260904_0255-a-vacuous-test-and-a-contract-that-was-verified-on-one-interpreter.md	retro	2026-09-04T03:56:06+01:00	2026-09-04T09:52:42+01:00	5.94
changelog.d/20260904_0314-changed-mutate-names-the-interpreter-its-counts-came-from.md	changelog	2026-09-04T04:14:50+01:00	2026-09-04T09:52:42+01:00	5.63
retro.d/20260904_0314-a-count-whose-meaning-depends-on-something-nobody-recorded.md	retro	2026-09-04T04:14:50+01:00	2026-09-04T09:52:42+01:00	5.63
changelog.d/20260904_0830-added-land-refuses-a-tree-no-gate-certified.md	changelog	2026-09-04T09:33:14+01:00	2026-09-04T09:52:42+01:00	0.32
retro.d/20260904_0830-i-tested-the-copy-that-did-not-contain-the-change.md	retro	2026-09-04T09:33:14+01:00	2026-09-04T09:52:42+01:00	0.32
changelog.d/20260904_0854-fixed-a-doctor-test-that-asserted-only-that-doctor-finished.md	changelog	2026-09-04T09:54:03+01:00		
retro.d/20260904_0854-four-instruments-for-one-audit.md	retro	2026-09-04T09:54:03+01:00		
retro.d/20260904_0938-i-measured-the-function-and-claimed-the-command.md	retro	2026-09-04T10:38:22+01:00		
changelog.d/20260904_1028-added-injection-audit-runs-on-linux.md	changelog	2026-09-04T11:29:21+01:00		
retro.d/20260904_1028-row-42-six-ways-an-instrument-lies.md	retro	2026-09-04T11:29:21+01:00		
