iso	sha	test_files	battery_files	tools_py
2026-07-25T08:57:14+02:00	5a53f4bc5f69	1	0	0
2026-07-25T14:00:57+02:00	1cd33d19220f	3	0	0
2026-07-25T14:15:21+02:00	71503e39ce32	5	0	0
2026-07-25T14:20:43+02:00	894f384e7a29	6	0	0
2026-07-25T14:24:46+02:00	0d0f46d9fa3e	7	0	0
2026-07-25T14:30:56+02:00	19c33a44de0b	8	0	0
2026-07-25T14:42:33+02:00	8291f542ecaf	9	0	0
2026-07-25T14:44:06+02:00	d039fa7b9584	10	0	0
2026-07-25T14:52:11+02:00	242fc1fe007b	12	0	0
2026-07-25T14:56:37+02:00	2d5e31bff63f	13	0	0
2026-07-25T15:02:26+02:00	873d2e2a66d1	15	0	0
2026-07-25T15:07:04+02:00	cf42c2441287	16	0	0
2026-07-25T15:09:36+02:00	9e8510a60a18	17	0	0
2026-07-25T15:13:50+02:00	0c8cd2defa4d	18	0	0
2026-07-25T15:25:25+02:00	2a120601b4c0	19	0	0
2026-07-27T21:56:27+02:00	4e31e1bf6351	21	0	0
2026-07-27T23:07:58+02:00	93002783a423	25	0	0
2026-07-28T00:19:09+02:00	ec99273fb52a	26	0	0
2026-07-28T02:23:04+02:00	5ee16756cf91	29	0	0
2026-07-28T09:58:35+02:00	e4c264e2502b	30	0	0
2026-07-28T14:03:50+02:00	e23710814204	31	0	0
2026-07-28T17:11:44+02:00	8efa044005ae	32	0	0
2026-07-28T19:22:49+02:00	fc59c7683b68	34	0	1
2026-07-28T23:20:21+02:00	50c10c83826b	37	0	1
2026-07-29T00:05:41+02:00	1635b451e47f	38	0	1
2026-07-29T00:18:51+02:00	8b7865f4be7c	37	0	1
2026-07-29T00:19:36+02:00	4a9f239e99f9	38	0	1
2026-07-29T01:05:16+02:00	d14f1e29d59e	37	0	1
2026-07-29T01:05:31+02:00	e1ac79f10fc2	38	0	1
2026-07-29T02:24:03+02:00	6ce1bd6647dd	39	0	1
2026-07-29T03:46:55+02:00	820728d9f29d	39	0	2
2026-07-29T04:07:07+02:00	f588f0346c7d	41	0	4
2026-07-29T04:58:16+02:00	49ede26fc73c	43	0	4
2026-07-29T05:09:21+02:00	4151bc488907	41	0	4
2026-07-29T05:09:29+02:00	ff0daa9667ef	43	0	4
2026-07-29T05:28:44+02:00	85db3d8a5346	44	0	4
2026-07-29T08:25:27+02:00	feb0a19dce08	45	0	5
2026-07-30T16:38:18+02:00	7570a6908aa2	46	0	5
2026-07-30T17:45:49+02:00	31d0a8e0147f	47	0	6
2026-07-30T17:57:37+02:00	e111c55a257e	48	0	6
2026-07-31T05:34:31+02:00	3c94579b7dc1	49	0	6
2026-07-31T06:02:44+02:00	c01d5dee5386	48	0	6
2026-07-31T06:28:20+02:00	e00f2edb9b36	49	0	6
2026-07-31T06:29:58+02:00	5c3c933dfc05	48	0	6
2026-07-31T06:48:33+02:00	56c4e1ea9098	49	0	6
2026-07-31T06:59:13+02:00	8f94b1094a56	48	0	6
2026-07-31T07:05:24+02:00	23d09dbad41e	49	0	6
2026-07-31T07:19:32+02:00	8b913d233807	48	0	6
2026-07-31T07:29:46+02:00	4313414683ba	49	0	6
2026-07-31T12:44:21+02:00	b96d247ee415	50	0	6
2026-07-31T17:21:15+02:00	95573893a188	49	0	6
2026-07-31T17:36:11+02:00	9c8f66734c08	50	0	6
2026-07-31T20:45:05+02:00	72656ae903f4	49	0	6
2026-07-31T20:50:47+02:00	dbebd8b58fd3	50	0	6
2026-07-31T21:28:17+02:00	a00007266caf	49	0	6
2026-07-31T21:31:16+02:00	5a28eb7cba94	50	0	6
2026-08-01T00:04:28+02:00	168571a2c5d6	49	0	6
2026-08-01T00:12:33+02:00	2fddc5efa182	50	0	6
2026-08-01T00:17:47+02:00	00c01aa38b1d	49	0	6
2026-08-01T00:31:27+02:00	3fda636a33f5	50	0	6
2026-08-01T01:00:11+02:00	8a2a9018a6ad	49	0	6
2026-08-01T01:04:02+02:00	425d10660f73	50	0	6
2026-08-01T01:09:55+02:00	4e1e955f2d90	49	0	6
2026-08-01T01:22:13+02:00	7a90278b6399	50	0	6
2026-08-01T01:22:14+02:00	35d7b99ceb3b	49	0	6
2026-08-01T01:30:44+02:00	ed16194064e9	50	0	7
2026-08-01T01:33:21+02:00	afdfffce57c5	50	0	6
2026-08-01T01:35:59+02:00	a51a7b2f1879	50	0	7
2026-08-01T01:36:59+02:00	a2498624fd9a	51	0	7
2026-08-01T01:42:43+02:00	dd90c390ed03	50	0	6
2026-08-01T01:49:37+02:00	0992c4c39bee	51	0	7
2026-08-01T04:29:07+02:00	2314deadf766	52	0	7
2026-08-01T12:15:56+02:00	9595370e0f17	52	0	8
2026-08-03T22:43:29+02:00	4b0ee988febd	53	0	9
2026-08-04T18:14:58+02:00	dc2fe3023054	54	0	10
2026-08-04T18:32:33+02:00	11a4e8d626cb	55	0	10
2026-08-04T18:32:33+02:00	8550dfd86f6d	56	0	10
2026-08-04T22:39:04+02:00	498b94ca086d	56	0	11
2026-08-04T22:49:36+02:00	f7c4350e3394	57	0	11
2026-08-04T23:02:09+02:00	c780c0ae9fd1	57	0	12
2026-08-05T09:57:18+02:00	776ea1d0e015	58	0	13
2026-08-05T10:04:15+02:00	d68459ab7e86	57	0	12
2026-08-05T19:39:52+02:00	519cae10f0c7	58	0	13
2026-08-05T19:40:00+02:00	43cef55cdb4f	57	0	12
2026-08-05T19:40:20+02:00	1511be434e62	58	0	13
2026-08-05T23:00:29+02:00	df867a8c9559	58	0	14
2026-08-06T08:15:44+02:00	fcd28bc70a7d	59	0	14
2026-08-06T12:39:52+02:00	eb27e0fdac2c	60	0	15
2026-08-07T10:16:17+02:00	cdfdf18b8df2	61	0	16
2026-08-07T21:31:04+02:00	aa3cd53b2af5	62	0	17
2026-08-08T01:58:39+02:00	f44af32905f6	63	0	17
2026-08-08T11:48:31+02:00	0c3ccd60fdf5	64	0	17
2026-08-11T15:38:16+02:00	48945d784e86	65	0	18
2026-08-11T17:07:26+02:00	fb7eebba7b98	66	0	18
2026-08-11T18:08:08+02:00	72c71756c0f3	67	0	19
2026-08-11T19:05:40+02:00	b337290100da	68	0	19
2026-08-11T19:23:49+02:00	4792ddc2517f	69	0	19
2026-08-11T23:38:19+02:00	11067e6b67e0	70	0	19
2026-08-12T00:07:31+02:00	3889118e14ca	71	0	19
2026-08-12T07:01:29+02:00	31023e7c1206	72	0	19
2026-08-12T08:14:14+02:00	ebda2826356d	72	0	20
2026-08-21T23:33:35+01:00	585f3dec45f0	73	0	20
2026-08-22T01:59:01+01:00	471b19265d1f	74	0	20
2026-08-22T02:35:36+01:00	95e2f8bfde99	73	0	20
2026-08-22T02:37:53+01:00	321e49fedaff	74	0	20
2026-08-22T02:45:17+01:00	3d9fad7e5cbb	75	0	21
2026-08-22T08:50:17+01:00	15f1fac72f7b	76	0	22
2026-08-22T18:43:29+01:00	cd41642f22e7	77	0	23
2026-08-22T18:44:58+01:00	b3fa00e6056d	76	0	22
2026-08-22T18:55:33+01:00	13087378327a	77	0	23
2026-08-22T18:58:47+01:00	68eec0139533	76	0	22
2026-08-22T19:14:51+01:00	4f1d4243bd62	77	0	23
2026-08-23T08:27:15+01:00	332736861b92	77	3	23
2026-08-23T08:33:21+01:00	9e58a50c641f	78	3	23
2026-08-23T08:40:05+01:00	f93be6a51c3f	78	4	23
2026-08-23T15:44:09+01:00	6d7c9e3009b6	79	5	24
2026-08-23T15:51:59+01:00	d50456e29921	78	4	23
2026-08-23T15:53:02+01:00	ea0f0e7c25aa	79	5	24
2026-08-25T01:10:07+01:00	6ca42f127210	79	6	24
2026-08-25T01:11:49+01:00	9096350db2c6	79	5	24
2026-08-25T01:13:42+01:00	23b6f4f748f4	79	6	24
2026-08-25T01:15:54+01:00	e58e7df16a3e	79	5	24
2026-08-25T01:22:21+01:00	8d09229d624c	79	6	24
2026-08-25T01:27:10+01:00	1ffa5b4bad08	79	5	24
2026-08-25T01:30:48+01:00	d9498fa72d82	79	6	24
2026-08-25T19:56:35+01:00	979da3fed09c	79	7	24
2026-08-25T23:53:50+01:00	1539ad97af02	79	6	24
2026-08-25T23:55:13+01:00	bc980d8b4025	79	7	24
2026-08-26T00:12:47+01:00	8da6fca16135	79	6	24
2026-08-26T00:18:44+01:00	681e7329bc3f	80	6	25
2026-08-26T00:25:20+01:00	a2acfe578140	79	7	24
2026-08-26T00:27:58+01:00	60cac0eb7d03	80	6	25
2026-08-26T04:42:12+01:00	68eb26a9f361	79	6	24
2026-08-26T04:45:34+01:00	e3bb923efbe5	79	7	24
2026-08-26T04:58:25+01:00	57f19b03c60e	79	6	24
2026-08-26T04:59:35+01:00	b6f0487299f9	79	7	24
2026-08-26T05:08:37+01:00	7365bee27a7d	79	6	24
2026-08-26T05:08:52+01:00	69e3c47bb698	79	7	24
2026-08-26T07:26:13+01:00	a36f0e696711	80	7	25
2026-08-26T07:31:46+01:00	224cac38549f	81	8	26
2026-08-26T07:36:44+01:00	29856b908ae4	80	7	25
2026-08-26T07:37:33+01:00	027c886b61d9	81	8	26
2026-08-26T07:44:10+01:00	bb56fbd7143a	80	7	25
2026-08-26T07:44:13+01:00	a4a754a61675	81	8	26
2026-08-26T07:46:28+01:00	ef1465a50d84	80	7	25
2026-08-26T07:53:08+01:00	de831c95ea4d	81	8	26
2026-08-26T07:55:00+01:00	16362877d8e9	81	9	26
2026-08-26T07:57:59+01:00	b2af38320d3d	81	8	26
2026-08-26T07:59:39+01:00	d15df03f8d5f	81	9	26
2026-08-26T07:59:56+01:00	53c908ea1b1f	81	8	26
2026-08-26T08:03:04+01:00	f6db2f49c3f1	81	9	26
2026-08-26T08:03:40+01:00	a18225bf941c	81	8	26
2026-08-26T08:13:23+01:00	3424f5ea1b92	81	9	26
2026-08-26T08:32:40+01:00	bb2fe8fbabca	81	9	27
2026-08-26T08:33:13+01:00	fbf17da8f294	81	9	26
2026-08-26T08:35:40+01:00	dc97a4cf0289	82	10	27
2026-08-26T12:30:11+01:00	065f13321b9c	81	9	26
2026-08-26T12:35:58+01:00	490984849a80	82	10	27
2026-08-26T12:37:55+01:00	a54b304a89ff	81	9	26
2026-08-26T12:39:42+01:00	3e31cca85159	82	10	27
2026-08-26T12:40:26+01:00	ec73b1ff3200	81	9	26
2026-08-26T12:44:14+01:00	284a4f56c35b	82	10	27
2026-08-26T12:46:26+01:00	31c5524e3fca	81	9	26
2026-08-26T12:46:28+01:00	54e35562788e	82	10	27
2026-08-30T10:03:05+01:00	1f0f0379afd3	81	9	26
2026-08-30T10:33:43+01:00	350349321748	82	10	27
2026-08-30T10:45:56+01:00	6b14730f733d	81	9	26
2026-08-30T10:51:01+01:00	85b6ecea59f0	82	10	27
2026-08-31T23:31:54+01:00	4b855a7f6063	82	11	27
2026-08-31T23:33:13+01:00	1b997d7041e2	82	10	27
2026-09-01T00:02:49+01:00	e6134e61cb78	83	10	28
2026-09-01T00:09:16+01:00	bf004717bbcb	82	10	27
2026-09-01T00:09:27+01:00	616042036887	83	10	28
2026-09-01T00:31:16+01:00	1d5e7ace6a91	83	11	28
2026-09-01T00:33:06+01:00	f02c6eac8920	83	10	28
2026-09-01T00:48:57+01:00	b47eda639768	83	11	28
2026-09-01T00:50:41+01:00	9909a1c8b287	83	10	28
2026-09-01T00:57:55+01:00	d35bfcccad6f	83	11	28
2026-09-01T00:58:26+01:00	b15599de9a7e	83	10	28
2026-09-01T07:32:27+01:00	657da0b0ee00	83	11	28
2026-09-01T07:43:50+01:00	b691c8171974	83	10	28
2026-09-01T07:58:19+01:00	2d62cd197d3d	83	11	28
2026-09-02T11:58:32+01:00	aeb32f2427ab	83	12	28
2026-09-02T12:02:32+01:00	3560f1d6a9c2	83	11	28
2026-09-02T12:02:39+01:00	2cd8a8ac993a	83	12	28
2026-09-02T12:52:03+01:00	7217be9947e9	84	12	28
2026-09-02T12:52:42+01:00	c53858899111	83	12	28
2026-09-02T13:06:29+01:00	920d37bd9780	84	13	28
2026-09-02T13:08:41+01:00	15108cab275c	83	12	28
2026-09-02T17:33:31+01:00	77ee88f05528	84	13	28
2026-09-03T09:37:24+01:00	7dba9addb47e	83	12	28
2026-09-03T09:41:32+01:00	bbdeae143884	84	13	28
2026-09-03T10:01:15+01:00	cf1389931bce	83	12	28
2026-09-03T10:02:39+01:00	c8d7318eff99	84	13	28
2026-09-03T13:58:38+01:00	8ebede752e25	84	14	28
2026-09-03T14:07:31+01:00	6a8fd0b40dc6	84	13	28
2026-09-03T14:09:00+01:00	868cff9a9f9b	84	14	28
2026-09-04T09:30:17+01:00	050a268cf561	84	15	28
2026-09-04T09:35:25+01:00	77c84bc7c304	84	14	28
2026-09-04T09:38:54+01:00	146d8f4c00c4	84	15	28
2026-09-04T09:45:10+01:00	8180d798e8e6	84	14	28
2026-09-04T09:45:10+01:00	845e5921bf81	84	15	28
2026-09-04T10:00:52+01:00	597118332742	84	15	29
2026-09-04T11:08:51+01:00	a073658f2774	85	15	29
2026-09-04T11:21:55+01:00	d36d21992be6	84	15	29
2026-09-04T11:27:32+01:00	ff6a108173d7	85	15	29
2026-09-04T11:28:27+01:00	363800d89b38	84	15	29
2026-09-04T11:29:21+01:00	9152cd80e298	85	15	29
2026-09-04T11:31:41+01:00	d481ba2dbc27	84	15	29
2026-09-04T11:32:21+01:00	63c75eeaa4a5	85	15	29
2026-09-04T11:34:23+01:00	c2814636b93b	84	15	29
2026-09-04T11:35:10+01:00	7db5e61c52f3	85	15	29
